﻿<?xml version="1.0" encoding="utf-8" standalone="yes"?>
<content Name="CONTENT WINDOW">
   <item Border="10" Width="700" Height="500" ><![CDATA[<font color="#ffffff" size="70"><b>HTML CONTENT</b></font><br><font color="#ffffff" size="20">This is a dynamic content window with HTML formatted content.</font><br><br>All content in this window can be editted via a single XML file. You can format text using standard HTML tags such as the colour and size of text and also <b>bold</b> <i>italics</i> and <u>underline</u> styles. In the XML you can also define the width and height of this content window and also the border size. You can also add <a href="http://www.flashden.net" target="_blank">hyperlinks</a> to link to external pages. Hyperlink colour and hover effect can be changed easily by editting a StyleSheet built in the code.<br><br><img src="content/image.jpg"><font color="#ffffff" size="20">You can also insert images.</font><br><br>Lorem ipsum dolor sit amet, consectetuer adipiscing elit. Cras lacus ipsum, tempus ac, auctor sed, tempus id, lectus. Proin laoreet pharetra risus. Nullam fringilla faucibus nisi. Mauris porttitor convallis elit. Sed sit amet purus sit amet leo euismod sagittis. Quisque vitae elit nec turpis hendrerit facilisis. Phasellus hendrerit vehicula enim. Vestibulum facilisis sagittis diam. Proin non dolor vel nibh suscipit cursus. Maecenas hendrerit quam vel dolor.<br><br>Ut diam. Mauris nisi leo, laoreet a, mollis nec, aliquam eu, nunc. In adipiscing, sapien vulputate pellentesque mollis, pede metus pulvinar nibh, et egestas dolor leo non ligula. Fusce eu arcu. Fusce ac mi. Morbi pharetra. Ut adipiscing venenatis nibh. Nullam hendrerit mauris at quam. Nulla nunc odio, varius non, fermentum ut, suscipit sed, pede.
Nulla quis augue. Sed at enim. Maecenas venenatis, pede eu tempus ornare, dolor odio facilisis est, vitae convallis eros diam eget neque. Nulla sapien nisl, lobortis et, tempor eu, ullamcorper sit amet, enim. Mauris ut mauris. Nunc et lacus. Nullam porta ultrices quam. Morbi tincidunt. Duis a lorem non turpis eleifend faucibus. Cras dignissim massa sed orci. Fusce interdum felis non metus. Proin dapibus augue et magna. Ut commodo nisi vitae urna. Duis risus sapien, gravida ut, aliquam eget, semper et, libero. Ut pharetra sodales libero.
Donec tristique, metus ut aliquam lacinia, arcu est sodales nunc, et tincidunt augue nulla sed dolor. Phasellus ultrices purus quis nibh. Cum sociis natoque penatibus et magnis dis parturient montes, nascetur ridiculus mus. Ut felis. Duis laoreet pharetra ipsum. Vestibulum ut lectus in lectus aliquam pulvinar. Vestibulum massa. Cras sagittis adipiscing magna. Duis dolor. Donec quis nibh id lorem adipiscing porta. Ut at nisi aliquam lacus imperdiet consequat. Morbi augue risus, volutpat vel, venenatis non, viverra ut, nisl. Sed augue dolor, porttitor id, dapibus quis, pulvinar at, quam. Phasellus imperdiet.]]></item>
</content>
