<?xml version="1.0" encoding="utf-8"?>
<settings

	totalWidth="650"

	playerWidth="420"
	playerHeight="300"

	slideTime="5"
	
	titleBack="0x000000"
	titleText="0xffffff"
	navButtonsBack="0x000000"
	navButtonsText="0xffffff"
	
	scrollbarBack="0x000000"
	scrollbarHandle="0xf129b0"
	
	videoBack="0x000000"
	videoButtons="0xffffff"
	videoButtonsRoll="0xf129b0"
	videoSeekBack="0xffffff"
	videoSeekBuffered="0xfcd8f3"
	videoSeekPlayed="0xf129b0"
	videoSeekHandle="0x000000"
	videoCurrentTime="0xffffff"
	videoTotalTime="0xf129b0"

>
	<folio>
	
		<project>
			<title><![CDATA[Flowers 1]]></title>
			<description><![CDATA[<font color="#ff0066">Client: </font>FlashDen<br><font color="#ff0066">Year: </font>2009<br><font color="#ff0066">Camera: </font>Canon<br><br><font color="#ff0066">Description: </font>This is the description for the current project. Regular html text, that gives you the possibility to change the color of the text and add <u><a href="http://www.flashden.net" target="_blank">hyperlinks</a></u>. You can also have unordered lists and special characters(with a different font family of course).<br><br>Lorem ipsum dolor sit amet, consectetur adipisicing elit, sed do eiusmod tempor incididunt ut labore et dolore magna aliqua. Ut enim ad minim veniam, quis nostrud exercitation ullamco laboris nisi ut aliquip ex ea commodo consequatadipisicing elit, sed do eiusmod tempor incididunt ut labore et dolore magna aliqua. Ut enim ad minim veniam, quis nostrud exercitation ullamco laboris nisi ut aliquip ex ea commodo consequatadipisicing elit, sed do eiusmod tempor incididunt ut labore et dolore magna aliqua. Ut enim ad minim veniam, quis nostrud exercitation ullamco laboris nisi ut aliquip ex ea commodo consequat.]]></description>
			<assets type="photo">
				<item src="folio_assets/photo/madness_flower1.jpg" />
				<item src="folio_assets/photo/scottwills_bee.jpg" />
				<item src="folio_assets/photo/scottwills_makeawish.jpg" />
				<item src="folio_assets/photo/scottwills_plant.jpg" />
				<item src="folio_assets/photo/scottwills_whiteflower.jpg" />
				<item src="folio_assets/photo/scottwills_whiteflower2.jpg" />
			</assets>
		</project>
		
		<project>
			<title><![CDATA[Flowers 2]]></title>
			<description><![CDATA[<font color="#ff0066">Client: </font>FlashDen<br><font color="#ff0066">Year: </font>2009<br><font color="#ff0066">Camera: </font>Canon<br><br><font color="#ff0066">Description: </font>This is the description for the current project. Regular html text, that gives you the possibility to change the color of the text and add <u><a href="http://www.flashden.net" target="_blank">hyperlinks</a></u>. You can also have unordered lists and special characters(with a different font family of course).<br><br>Lorem ipsum dolor sit amet, consectetur adipisicing elit, sed do eiusmod tempor incididunt ut labore et dolore magna aliqua. Ut enim ad minim veniam, quis nostrud exercitation ullamco laboris nisi ut aliquip ex ea commodo consequat.]]></description>
			<assets type="photo">
				<item src="folio_assets/photo/madness_flower1.jpg" />
				<item src="folio_assets/photo/scottwills_bee.jpg" />
				<item src="folio_assets/photo/scottwills_makeawish.jpg" />
				<item src="folio_assets/photo/scottwills_plant.jpg" />
				<item src="folio_assets/photo/scottwills_whiteflower.jpg" />
				<item src="folio_assets/photo/scottwills_whiteflower2.jpg" />
			</assets>
		</project>
		
		<project>
			<title><![CDATA[Flowers 3]]></title>
			<description><![CDATA[<font color="#ff0066">Client: </font>FlashDen<br><font color="#ff0066">Year: </font>2009<br><font color="#ff0066">Camera: </font>Canon<br><br><font color="#ff0066">Description: </font>This is the description for the current project. Regular html text, that gives you the possibility to change the color of the text and add <u><a href="http://www.flashden.net" target="_blank">hyperlinks</a></u>. You can also have unordered lists and special characters(with a different font family of course).<br><br>Lorem ipsum dolor sit amet, consectetur adipisicing elit, sed do eiusmod tempor incididunt ut labore et dolore magna aliqua. Ut enim ad minim veniam, quis nostrud exercitation ullamco laboris nisi ut aliquip ex ea commodo consequat.]]></description>
			<assets type="photo">
				<item src="folio_assets/photo/madness_flower1.jpg" />
				<item src="folio_assets/photo/scottwills_bee.jpg" />
				<item src="folio_assets/photo/scottwills_makeawish.jpg" />
				<item src="folio_assets/photo/scottwills_plant.jpg" />
				<item src="folio_assets/photo/scottwills_whiteflower.jpg" />
				<item src="folio_assets/photo/scottwills_whiteflower2.jpg" />
			</assets>
		</project>
	
	</folio>

</settings>