<?xml version="1.0" encoding="ISO-8859-1"?>

<navigation>
  	
<btn label="HOME" url="intro.swf" goto="load" xcord="" ycord="" lockRoot = "false" audio = "" btnColor = "0xffff00"/>

<btn label="ABOUT" url="aboutus.swf" goto="load" xcord="" ycord="" lockRoot = "true" audio = "" btnColor = "0xffff00"/>

<btn label="DEMO REEL" url="demo_reel.swf" goto="load" xcord="" ycord="" lockRoot = "true" audio = "off" btnColor = "0xffff00"/>

<btn label="IMAGE GALLERY" url="image_gallery.swf" goto="load" xcord="" ycord="" lockRoot = "true" audio = "" btnColor = "0xffff00"/>

<btn label="VIDEO GALLERY" url="video_gallery.swf" goto="load" xcord="" ycord="" lockRoot = "true" audio = "off" btnColor = "0xffff00"/>

<btn label="NEWS" url="news.swf" goto="load" xcord="" ycord="" lockRoot = "true" audio = "" btnColor = "0xffff00"/>

<btn label="LINK" url="http://www.flashden.net/user/robwes19" goto="url" xcord="" ycord="" lockRoot = "" audio = "" btnColor = "0xffff00"/>

<btn label="CONTACT" url="contactus.swf" goto="load" xcord="" ycord="" lockRoot = "true" audio = "" btnColor = "0xffff00"/>
   
</navigation>
